<CATALOG>
    <CD>
        <TITLE>Empire Burlesque      </TITLE>
        <ARTIST>Bob Dylan     </ARTIST>
        <COUNTRY>USA    </COUNTRY>
        <COMPANY>Columbia      </COMPANY>
        <PRICE>10.90   </PRICE>
        <YEAR>1985    </YEAR>
    </CD>
    <CD>
        <TITLE>Still Got the Blues   </TITLE>
        <ARTIST>Gary More     </ARTIST>
        <COUNTRY>UK     </COUNTRY>
        <COMPANY>Virgin Records</COMPANY>
        <PRICE>10.20   </PRICE>
        <YEAR>1990    </YEAR>
    </CD>
    <CD>
        <TITLE>                      </TITLE>
        <ARTIST>              </ARTIST>
        <COUNTRY>       </COUNTRY>
        <COMPANY>              </COMPANY>
        <PRICE>        </PRICE>
        <YEAR>        </YEAR>
    </CD> 
    <CD>
        <TITLE>                      </TITLE>
        <ARTIST>              </ARTIST>
        <COUNTRY>       </COUNTRY>
        <COMPANY>              </COMPANY>
        <PRICE>        </PRICE>
        <YEAR>        </YEAR>
     </CD>
</CATALOG>

